{
  "sales": [
    { "salesId": 1, "productId": 1, "salesDate": "2025-12-20", "salesCount": 5, "balanceCount": 40, "salesAmount": 12495, "costPrice": 7500, "profit": 4995, "storeLocation": "Main Store", "salesStatus": "Completed" },
    { "salesId": 2, "productId": 1, "salesDate": "2025-12-20", "salesCount": 3, "balanceCount": 37, "salesAmount": 7497, "costPrice": 4500, "profit": 2997, "storeLocation": "Branch A", "salesStatus": "Completed" },
    { "salesId": 3, "productId": 1, "salesDate": "2025-12-21", "salesCount": 4, "balanceCount": 33, "salesAmount": 9996, "costPrice": 6000, "profit": 3996, "storeLocation": "Main Store", "salesStatus": "Completed" },
    { "salesId": 4, "productId": 1, "salesDate": "2025-12-21", "salesCount": 2, "balanceCount": 31, "salesAmount": 4998, "costPrice": 3000, "profit": 1998, "storeLocation": "Branch B", "salesStatus": "Completed" },
    { "salesId": 5, "productId": 1, "salesDate": "2025-12-22", "salesCount": 6, "balanceCount": 25, "salesAmount": 14994, "costPrice": 9000, "profit": 5994, "storeLocation": "Main Store", "salesStatus": "Completed" },
    { "salesId": 6, "productId": 1, "salesDate": "2025-12-23", "salesCount": 3, "balanceCount": 22, "salesAmount": 7497, "costPrice": 4500, "profit": 2997, "storeLocation": "Branch A", "salesStatus": "Completed" },
    { "salesId": 7, "productId": 1, "salesDate": "2025-12-24", "salesCount": 5, "balanceCount": 17, "salesAmount": 12495, "costPrice": 7500, "profit": 4995, "storeLocation": "Main Store", "salesStatus": "Completed" },
    { "salesId": 8, "productId": 1, "salesDate": "2025-12-25", "salesCount": 4, "balanceCount": 13, "salesAmount": 9996, "costPrice": 6000, "profit": 3996, "storeLocation": "Branch B", "salesStatus": "Completed" },
    { "salesId": 9, "productId": 1, "salesDate": "2025-12-26", "salesCount": 2, "balanceCount": 11, "salesAmount": 4998, "costPrice": 3000, "profit": 1998, "storeLocation": "Main Store", "salesStatus": "Completed" },
    { "salesId": 10, "productId": 1, "salesDate": "2025-12-27", "salesCount": 3, "balanceCount": 8, "salesAmount": 7497, "costPrice": 4500, "profit": 2997, "storeLocation": "Branch A", "salesStatus": "Completed" },
    { "salesId": 11, "productId": 1, "salesDate": "2025-12-28", "salesCount": 5, "balanceCount": 3, "salesAmount": 12495, "costPrice": 7500, "profit": 4995, "storeLocation": "Main Store", "salesStatus": "Completed" },
    { "salesId": 12, "productId": 1, "salesDate": "2025-12-29", "salesCount": 3, "balanceCount": 0, "salesAmount": 7497, "costPrice": 4500, "profit": 2997, "storeLocation": "Branch B", "salesStatus": "Completed" },
    { "salesId": 13, "productId": 1, "salesDate": "2025-12-30", "salesCount": 4, "balanceCount": -4, "salesAmount": 9996, "costPrice": 6000, "profit": 3996, "storeLocation": "Main Store", "salesStatus": "Completed" },
    { "salesId": 14, "productId": 1, "salesDate": "2025-12-31", "salesCount": 2, "balanceCount": -6, "salesAmount": 4998, "costPrice": 3000, "profit": 1998, "storeLocation": "Branch A", "salesStatus": "Completed" },
    { "salesId": 15, "productId": 1, "salesDate": "2026-01-01", "salesCount": 3, "balanceCount": -9, "salesAmount": 7497, "costPrice": 4500, "profit": 2997, "storeLocation": "Main Store", "salesStatus": "Completed" },
    { "salesId": 16, "productId": 1, "salesDate": "2026-01-02", "salesCount": 5, "balanceCount": -14, "salesAmount": 12495, "costPrice": 7500, "profit": 4995, "storeLocation": "Branch B", "salesStatus": "Completed" },
    { "salesId": 17, "productId": 1, "salesDate": "2026-01-03", "salesCount": 6, "balanceCount": -20, "salesAmount": 14994, "costPrice": 9000, "profit": 5994, "storeLocation": "Main Store", "salesStatus": "Completed" },
    { "salesId": 18, "productId": 1, "salesDate": "2026-01-04", "salesCount": 4, "balanceCount": -24, "salesAmount": 9996, "costPrice": 6000, "profit": 3996, "storeLocation": "Branch A", "salesStatus": "Completed" },
    { "salesId": 19, "productId": 1, "salesDate": "2026-01-05", "salesCount": 3, "balanceCount": -27, "salesAmount": 7497, "costPrice": 4500, "profit": 2997, "storeLocation": "Main Store", "salesStatus": "Completed" },
    { "salesId": 20, "productId": 1, "salesDate": "2026-01-06", "salesCount": 5, "balanceCount": -32, "salesAmount": 12495, "costPrice": 7500, "profit": 4995, "storeLocation": "Branch B", "salesStatus": "Completed" },
    { "salesId": 21, "productId": 2, "salesDate": "2025-12-20", "salesCount": 8, "balanceCount": 52, "salesAmount": 15192, "costPrice": 8800, "profit": 6392, "storeLocation": "Main Store", "salesStatus": "Completed" },
    { "salesId": 22, "productId": 2, "salesDate": "2025-12-20", "salesCount": 6, "balanceCount": 46, "salesAmount": 11394, "costPrice": 6600, "profit": 4794, "storeLocation": "Branch A", "salesStatus": "Completed" },
    { "salesId": 23, "productId": 2, "salesDate": "2025-12-21", "salesCount": 7, "balanceCount": 39, "salesAmount": 13293, "costPrice": 7700, "profit": 5593, "storeLocation": "Main Store", "salesStatus": "Completed" },
    { "salesId": 24, "productId": 2, "salesDate": "2025-12-21", "salesCount": 5, "balanceCount": 34, "salesAmount": 9495, "costPrice": 5500, "profit": 3995, "storeLocation": "Branch B", "salesStatus": "Completed" },
    { "salesId": 25, "productId": 2, "salesDate": "2025-12-22", "salesCount": 9, "balanceCount": 25, "salesAmount": 17091, "costPrice": 9900, "profit": 7191, "storeLocation": "Main Store", "salesStatus": "Completed" },
    { "salesId": 26, "productId": 2, "salesDate": "2025-12-23", "salesCount": 4, "balanceCount": 21, "salesAmount": 7596, "costPrice": 4400, "profit": 3196, "storeLocation": "Branch A", "salesStatus": "Completed" },
    { "salesId": 27, "productId": 2, "salesDate": "2025-12-24", "salesCount": 8, "balanceCount": 13, "salesAmount": 15192, "costPrice": 8800, "profit": 6392, "storeLocation": "Main Store", "salesStatus": "Completed" },
    { "salesId": 28, "productId": 2, "salesDate": "2025-12-25", "salesCount": 5, "balanceCount": 8, "salesAmount": 9495, "costPrice": 5500, "profit": 3995, "storeLocation": "Branch B", "salesStatus": "Completed" },
    { "salesId": 29, "productId": 2, "salesDate": "2025-12-26", "salesCount": 3, "balanceCount": 5, "salesAmount": 5697, "costPrice": 3300, "profit": 2397, "storeLocation": "Main Store", "salesStatus": "Completed" },
    { "salesId": 30, "productId": 2, "salesDate": "2025-12-27", "salesCount": 6, "balanceCount": -1, "salesAmount": 11394, "costPrice": 6600, "profit": 4794, "storeLocation": "Branch A", "salesStatus": "Completed" },
    { "salesId": 31, "productId": 2, "salesDate": "2025-12-28", "salesCount": 7, "balanceCount": -8, "salesAmount": 13293, "costPrice": 7700, "profit": 5593, "storeLocation": "Main Store", "salesStatus": "Completed" },
    { "salesId": 32, "productId": 2, "salesDate": "2025-12-29", "salesCount": 4, "balanceCount": -12, "salesAmount": 7596, "costPrice": 4400, "profit": 3196, "storeLocation": "Branch B", "salesStatus": "Completed" },
    { "salesId": 33, "productId": 2, "salesDate": "2025-12-30", "salesCount": 5, "balanceCount": -17, "salesAmount": 9495, "costPrice": 5500, "profit": 3995, "storeLocation": "Main Store", "salesStatus": "Completed" },
    { "salesId": 34, "productId": 2, "salesDate": "2025-12-31", "salesCount": 8, "balanceCount": -25, "salesAmount": 15192, "costPrice": 8800, "profit": 6392, "storeLocation": "Branch A", "salesStatus": "Completed" },
    { "salesId": 35, "productId": 2, "salesDate": "2026-01-01", "salesCount": 6, "balanceCount": -31, "salesAmount": 11394, "costPrice": 6600, "profit": 4794, "storeLocation": "Main Store", "salesStatus": "Completed" },
    { "salesId": 36, "productId": 2, "salesDate": "2026-01-02", "salesCount": 7, "balanceCount": -38, "salesAmount": 13293, "costPrice": 7700, "profit": 5593, "storeLocation": "Branch B", "salesStatus": "Completed" },
    { "salesId": 37, "productId": 2, "salesDate": "2026-01-03", "salesCount": 5, "balanceCount": -43, "salesAmount": 9495, "costPrice": 5500, "profit": 3995, "storeLocation": "Main Store", "salesStatus": "Completed" },
    { "salesId": 38, "productId": 2, "salesDate": "2026-01-04", "salesCount": 9, "balanceCount": -52, "salesAmount": 17091, "costPrice": 9900, "profit": 7191, "storeLocation": "Branch A", "salesStatus": "Completed" },
    { "salesId": 39, "productId": 2, "salesDate": "2026-01-05", "salesCount": 4, "balanceCount": -56, "salesAmount": 7596, "costPrice": 4400, "profit": 3196, "storeLocation": "Main Store", "salesStatus": "Completed" },
    { "salesId": 40, "productId": 2, "salesDate": "2026-01-06", "salesCount": 6, "balanceCount": -62, "salesAmount": 11394, "costPrice": 6600, "profit": 4794, "storeLocation": "Branch B", "salesStatus": "Completed" },
    { "salesId": 41, "productId": 3, "salesDate": "2025-12-20", "salesCount": 25, "balanceCount": 175, "salesAmount": 7475, "costPrice": 3750, "profit": 3725, "storeLocation": "Main Store", "salesStatus": "Completed" },
    { "salesId": 42, "productId": 3, "salesDate": "2025-12-20", "salesCount": 20, "balanceCount": 155, "salesAmount": 5980, "costPrice": 3000, "profit": 2980, "storeLocation": "Branch A", "salesStatus": "Completed" },
    { "salesId": 43, "productId": 3, "salesDate": "2025-12-21", "salesCount": 18, "balanceCount": 137, "salesAmount": 5382, "costPrice": 2700, "profit": 2682, "storeLocation": "Main Store", "salesStatus": "Completed" },
    { "salesId": 44, "productId": 3, "salesDate": "2025-12-21", "salesCount": 22, "balanceCount": 115, "salesAmount": 6578, "costPrice": 3300, "profit": 3278, "storeLocation": "Branch B", "salesStatus": "Completed" },
    { "salesId": 45, "productId": 3, "salesDate": "2025-12-22", "salesCount": 30, "balanceCount": 85, "salesAmount": 8970, "costPrice": 4500, "profit": 4470, "storeLocation": "Main Store", "salesStatus": "Completed" },
    { "salesId": 46, "productId": 3, "salesDate": "2025-12-23", "salesCount": 15, "balanceCount": 70, "salesAmount": 4485, "costPrice": 2250, "profit": 2235, "storeLocation": "Branch A", "salesStatus": "Completed" },
    { "salesId": 47, "productId": 3, "salesDate": "2025-12-24", "salesCount": 25, "balanceCount": 45, "salesAmount": 7475, "costPrice": 3750, "profit": 3725, "storeLocation": "Main Store", "salesStatus": "Completed" },
    { "salesId": 48, "productId": 3, "salesDate": "2025-12-25", "salesCount": 18, "balanceCount": 27, "salesAmount": 5382, "costPrice": 2700, "profit": 2682, "storeLocation": "Branch B", "salesStatus": "Completed" },
    { "salesId": 49, "productId": 3, "salesDate": "2025-12-26", "salesCount": 12, "balanceCount": 15, "salesAmount": 3588, "costPrice": 1800, "profit": 1788, "storeLocation": "Main Store", "salesStatus": "Completed" },
    { "salesId": 50, "productId": 3, "salesDate": "2025-12-27", "salesCount": 20, "balanceCount": -5, "salesAmount": 5980, "costPrice": 3000, "profit": 2980, "storeLocation": "Branch A", "salesStatus": "Completed" },
    { "salesId": 51, "productId": 3, "salesDate": "2025-12-28", "salesCount": 22, "balanceCount": -27, "salesAmount": 6578, "costPrice": 3300, "profit": 3278, "storeLocation": "Main Store", "salesStatus": "Completed" },
    { "salesId": 52, "productId": 3, "salesDate": "2025-12-29", "salesCount": 16, "balanceCount": -43, "salesAmount": 4784, "costPrice": 2400, "profit": 2384, "storeLocation": "Branch B", "salesStatus": "Completed" },
    { "salesId": 53, "productId": 3, "salesDate": "2025-12-30", "salesCount": 28, "balanceCount": -71, "salesAmount": 8372, "costPrice": 4200, "profit": 4172, "storeLocation": "Main Store", "salesStatus": "Completed" },
    { "salesId": 54, "productId": 3, "salesDate": "2025-12-31", "salesCount": 19, "balanceCount": -90, "salesAmount": 5681, "costPrice": 2850, "profit": 2831, "storeLocation": "Branch A", "salesStatus": "Completed" },
    { "salesId": 55, "productId": 3, "salesDate": "2026-01-01", "salesCount": 25, "balanceCount": -115, "salesAmount": 7475, "costPrice": 3750, "profit": 3725, "storeLocation": "Main Store", "salesStatus": "Completed" },
    { "salesId": 56, "productId": 3, "salesDate": "2026-01-02", "salesCount": 30, "balanceCount": -145, "salesAmount": 8970, "costPrice": 4500, "profit": 4470, "storeLocation": "Branch B", "salesStatus": "Completed" },
    { "salesId": 57, "productId": 3, "salesDate": "2026-01-03", "salesCount": 18, "balanceCount": -163, "salesAmount": 5382, "costPrice": 2700, "profit": 2682, "storeLocation": "Main Store", "salesStatus": "Completed" },
    { "salesId": 58, "productId": 3, "salesDate": "2026-01-04", "salesCount": 22, "balanceCount": -185, "salesAmount": 6578, "costPrice": 3300, "profit": 3278, "storeLocation": "Branch A", "salesStatus": "Completed" },
    { "salesId": 59, "productId": 3, "salesDate": "2026-01-05", "salesCount": 20, "balanceCount": -205, "salesAmount": 5980, "costPrice": 3000, "profit": 2980, "storeLocation": "Main Store", "salesStatus": "Completed" },
    { "salesId": 60, "productId": 4, "salesDate": "2025-12-20", "salesCount": 2, "balanceCount": 28, "salesAmount": 9998, "costPrice": 5600, "profit": 4398, "storeLocation": "Main Store", "salesStatus": "Completed" },
    { "salesId": 61, "productId": 4, "salesDate": "2025-12-20", "salesCount": 1, "balanceCount": 27, "salesAmount": 4999, "costPrice": 2800, "profit": 2199, "storeLocation": "Branch A", "salesStatus": "Completed" },
    { "salesId": 62, "productId": 4, "salesDate": "2025-12-21", "salesCount": 3, "balanceCount": 24, "salesAmount": 14997, "costPrice": 8400, "profit": 6597, "storeLocation": "Main Store", "salesStatus": "Completed" },
    { "salesId": 63, "productId": 4, "salesDate": "2025-12-21", "salesCount": 2, "balanceCount": 22, "salesAmount": 9998, "costPrice": 5600, "profit": 4398, "storeLocation": "Branch B", "salesStatus": "Completed" },
    { "salesId": 64, "productId": 4, "salesDate": "2025-12-22", "salesCount": 1, "balanceCount": 21, "salesAmount": 4999, "costPrice": 2800, "profit": 2199, "storeLocation": "Main Store", "salesStatus": "Completed" },
    { "salesId": 65, "productId": 4, "salesDate": "2025-12-23", "salesCount": 2, "balanceCount": 19, "salesAmount": 9998, "costPrice": 5600, "profit": 4398, "storeLocation": "Branch A", "salesStatus": "Completed" },
    { "salesId": 66, "productId": 4, "salesDate": "2025-12-24", "salesCount": 3, "balanceCount": 16, "salesAmount": 14997, "costPrice": 8400, "profit": 6597, "storeLocation": "Main Store", "salesStatus": "Completed" },
    { "salesId": 67, "productId": 4, "salesDate": "2025-12-25", "salesCount": 1, "balanceCount": 15, "salesAmount": 4999, "costPrice": 2800, "profit": 2199, "storeLocation": "Branch B", "salesStatus": "Completed" },
    { "salesId": 68, "productId": 4, "salesDate": "2025-12-26", "salesCount": 2, "balanceCount": 13, "salesAmount": 9998, "costPrice": 5600, "profit": 4398, "storeLocation": "Main Store", "salesStatus": "Completed" },
    { "salesId": 69, "productId": 4, "salesDate": "2025-12-27", "salesCount": 1, "balanceCount": 12, "salesAmount": 4999, "costPrice": 2800, "profit": 2199, "storeLocation": "Branch A", "salesStatus": "Completed" },
    { "salesId": 70, "productId": 4, "salesDate": "2025-12-28", "salesCount": 3, "balanceCount": 9, "salesAmount": 14997, "costPrice": 8400, "profit": 6597, "storeLocation": "Main Store", "salesStatus": "Completed" },
    { "salesId": 71, "productId": 4, "salesDate": "2025-12-29", "salesCount": 2, "balanceCount": 7, "salesAmount": 9998, "costPrice": 5600, "profit": 4398, "storeLocation": "Branch B", "salesStatus": "Completed" },
    { "salesId": 72, "productId": 4, "salesDate": "2025-12-30", "salesCount": 1, "balanceCount": 6, "salesAmount": 4999, "costPrice": 2800, "profit": 2199, "storeLocation": "Main Store", "salesStatus": "Completed" },
    { "salesId": 73, "productId": 4, "salesDate": "2025-12-31", "salesCount": 2, "balanceCount": 4, "salesAmount": 9998, "costPrice": 5600, "profit": 4398, "storeLocation": "Branch A", "salesStatus": "Completed" },
    { "salesId": 74, "productId": 4, "salesDate": "2026-01-01", "salesCount": 3, "balanceCount": 1, "salesAmount": 14997, "costPrice": 8400, "profit": 6597, "storeLocation": "Main Store", "salesStatus": "Completed" },
    { "salesId": 75, "productId": 4, "salesDate": "2026-01-02", "salesCount": 1, "balanceCount": 0, "salesAmount": 4999, "costPrice": 2800, "profit": 2199, "storeLocation": "Branch B", "salesStatus": "Completed" },
    { "salesId": 76, "productId": 5, "salesDate": "2025-12-20", "salesCount": 3, "balanceCount": 22, "salesAmount": 10797, "costPrice": 6000, "profit": 4797, "storeLocation": "Main Store", "salesStatus": "Completed" },
    { "salesId": 77, "productId": 5, "salesDate": "2025-12-20", "salesCount": 2, "balanceCount": 20, "salesAmount": 7198, "costPrice": 4000, "profit": 3198, "storeLocation": "Branch A", "salesStatus": "Completed" },
    { "salesId": 78, "productId": 5, "salesDate": "2025-12-21", "salesCount": 4, "balanceCount": 16, "salesAmount": 14396, "costPrice": 8000, "profit": 6396, "storeLocation": "Main Store", "salesStatus": "Completed" },
    { "salesId": 79, "productId": 5, "salesDate": "2025-12-21", "salesCount": 1, "balanceCount": 15, "salesAmount": 3599, "costPrice": 2000, "profit": 1599, "storeLocation": "Branch B", "salesStatus": "Completed" },
    { "salesId": 80, "productId": 5, "salesDate": "2025-12-22", "salesCount": 3, "balanceCount": 12, "salesAmount": 10797, "costPrice": 6000, "profit": 4797, "storeLocation": "Main Store", "salesStatus": "Completed" },
    { "salesId": 81, "productId": 5, "salesDate": "2025-12-23", "salesCount": 2, "balanceCount": 10, "salesAmount": 7198, "costPrice": 4000, "profit": 3198, "storeLocation": "Branch A", "salesStatus": "Completed" },
    { "salesId": 82, "productId": 5, "salesDate": "2025-12-24", "salesCount": 5, "balanceCount": 5, "salesAmount": 17995, "costPrice": 10000, "profit": 7995, "storeLocation": "Main Store", "salesStatus": "Completed" },
    { "salesId": 83, "productId": 5, "salesDate": "2025-12-25", "salesCount": 1, "balanceCount": 4, "salesAmount": 3599, "costPrice": 2000, "profit": 1599, "storeLocation": "Branch B", "salesStatus": "Completed" },
    { "salesId": 84, "productId": 5, "salesDate": "2025-12-26", "salesCount": 2, "balanceCount": 2, "salesAmount": 7198, "costPrice": 4000, "profit": 3198, "storeLocation": "Main Store", "salesStatus": "Completed" },
    { "salesId": 85, "productId": 5, "salesDate": "2025-12-27", "salesCount": 1, "balanceCount": 1, "salesAmount": 3599, "costPrice": 2000, "profit": 1599, "storeLocation": "Branch A", "salesStatus": "Completed" },
    { "salesId": 86, "productId": 5, "salesDate": "2025-12-28", "salesCount": 3, "balanceCount": -2, "salesAmount": 10797, "costPrice": 6000, "profit": 4797, "storeLocation": "Main Store", "salesStatus": "Completed" },
    { "salesId": 87, "productId": 5, "salesDate": "2025-12-29", "salesCount": 4, "balanceCount": -6, "salesAmount": 14396, "costPrice": 8000, "profit": 6396, "storeLocation": "Branch B", "salesStatus": "Completed" },
    { "salesId": 88, "productId": 5, "salesDate": "2025-12-30", "salesCount": 2, "balanceCount": -8, "salesAmount": 7198, "costPrice": 4000, "profit": 3198, "storeLocation": "Main Store", "salesStatus": "Completed" },
    { "salesId": 89, "productId": 5, "salesDate": "2025-12-31", "salesCount": 3, "balanceCount": -11, "salesAmount": 10797, "costPrice": 6000, "profit": 4797, "storeLocation": "Branch A", "salesStatus": "Completed" },
    { "salesId": 90, "productId": 5, "salesDate": "2026-01-01", "salesCount": 5, "balanceCount": -16, "salesAmount": 17995, "costPrice": 10000, "profit": 7995, "storeLocation": "Main Store", "salesStatus": "Completed" },
    { "salesId": 91, "productId": 6, "salesDate": "2025-12-20", "salesCount": 50, "balanceCount": 450, "salesAmount": 7450, "costPrice": 3750, "profit": 3700, "storeLocation": "Main Store", "salesStatus": "Completed" },
    { "salesId": 92, "productId": 6, "salesDate": "2025-12-20", "salesCount": 45, "balanceCount": 405, "salesAmount": 6705, "costPrice": 3375, "profit": 3330, "storeLocation": "Branch A", "salesStatus": "Completed" },
    { "salesId": 93, "productId": 6, "salesDate": "2025-12-21", "salesCount": 55, "balanceCount": 350, "salesAmount": 8195, "costPrice": 4125, "profit": 4070, "storeLocation": "Main Store", "salesStatus": "Completed" },
    { "salesId": 94, "productId": 6, "salesDate": "2025-12-21", "salesCount": 40, "balanceCount": 310, "salesAmount": 5960, "costPrice": 3000, "profit": 2960, "storeLocation": "Branch B", "salesStatus": "Completed" },
    { "salesId": 95, "productId": 6, "salesDate": "2025-12-22", "salesCount": 60, "balanceCount": 250, "salesAmount": 8940, "costPrice": 4500, "profit": 4440, "storeLocation": "Main Store", "salesStatus": "Completed" },
    { "salesId": 96, "productId": 6, "salesDate": "2025-12-23", "salesCount": 35, "balanceCount": 215, "salesAmount": 5215, "costPrice": 2625, "profit": 2590, "storeLocation": "Branch A", "salesStatus": "Completed" },
    { "salesId": 97, "productId": 6, "salesDate": "2025-12-24", "salesCount": 50, "balanceCount": 165, "salesAmount": 7450, "costPrice": 3750, "profit": 3700, "storeLocation": "Main Store", "salesStatus": "Completed" },
    { "salesId": 98, "productId": 6, "salesDate": "2025-12-25", "salesCount": 40, "balanceCount": 125, "salesAmount": 5960, "costPrice": 3000, "profit": 2960, "storeLocation": "Branch B", "salesStatus": "Completed" },
    { "salesId": 99, "productId": 6, "salesDate": "2025-12-26", "salesCount": 30, "balanceCount": 95, "salesAmount": 4470, "costPrice": 2250, "profit": 2220, "storeLocation": "Main Store", "salesStatus": "Completed" },
    { "salesId": 100, "productId": 6, "salesDate": "2025-12-27", "salesCount": 45, "balanceCount": 50, "salesAmount": 6705, "costPrice": 3375, "profit": 3330, "storeLocation": "Branch A", "salesStatus": "Completed" },
    { "salesId": 101, "productId": 6, "salesDate": "2025-12-28", "salesCount": 55, "balanceCount": -5, "salesAmount": 8195, "costPrice": 4125, "profit": 4070, "storeLocation": "Main Store", "salesStatus": "Completed" },
    { "salesId": 102, "productId": 6, "salesDate": "2025-12-29", "salesCount": 40, "balanceCount": -45, "salesAmount": 5960, "costPrice": 3000, "profit": 2960, "storeLocation": "Branch B", "salesStatus": "Completed" },
    { "salesId": 103, "productId": 6, "salesDate": "2025-12-30", "salesCount": 50, "balanceCount": -95, "salesAmount": 7450, "costPrice": 3750, "profit": 3700, "storeLocation": "Main Store", "salesStatus": "Completed" },
    { "salesId": 104, "productId": 6, "salesDate": "2025-12-31", "salesCount": 60, "balanceCount": -155, "salesAmount": 8940, "costPrice": 4500, "profit": 4440, "storeLocation": "Branch A", "salesStatus": "Completed" },
    { "salesId": 105, "productId": 6, "salesDate": "2026-01-01", "salesCount": 35, "balanceCount": -190, "salesAmount": 5215, "costPrice": 2625, "profit": 2590, "storeLocation": "Main Store", "salesStatus": "Completed" },
    { "salesId": 106, "productId": 6, "salesDate": "2026-01-02", "salesCount": 50, "balanceCount": -240, "salesAmount": 7450, "costPrice": 3750, "profit": 3700, "storeLocation": "Branch B", "salesStatus": "Completed" },
    { "salesId": 107, "productId": 7, "salesDate": "2025-12-20", "salesCount": 12, "balanceCount": 73, "salesAmount": 9588, "costPrice": 4800, "profit": 4788, "storeLocation": "Main Store", "salesStatus": "Completed" },
    { "salesId": 108, "productId": 7, "salesDate": "2025-12-20", "salesCount": 10, "balanceCount": 63, "salesAmount": 7990, "costPrice": 4000, "profit": 3990, "storeLocation": "Branch A", "salesStatus": "Completed" },
    { "salesId": 109, "productId": 7, "salesDate": "2025-12-21", "salesCount": 8, "balanceCount": 55, "salesAmount": 6392, "costPrice": 3200, "profit": 3192, "storeLocation": "Main Store", "salesStatus": "Completed" },
    { "salesId": 110, "productId": 7, "salesDate": "2025-12-21", "salesCount": 15, "balanceCount": 40, "salesAmount": 11985, "costPrice": 6000, "profit": 5985, "storeLocation": "Branch B", "salesStatus": "Completed" },
    { "salesId": 111, "productId": 7, "salesDate": "2025-12-22", "salesCount": 11, "balanceCount": 29, "salesAmount": 8789, "costPrice": 4400, "profit": 4389, "storeLocation": "Main Store", "salesStatus": "Completed" },
    { "salesId": 112, "productId": 7, "salesDate": "2025-12-23", "salesCount": 9, "balanceCount": 20, "salesAmount": 7191, "costPrice": 3600, "profit": 3591, "storeLocation": "Branch A", "salesStatus": "Completed" },
    { "salesId": 113, "productId": 7, "salesDate": "2025-12-24", "salesCount": 12, "balanceCount": 8, "salesAmount": 9588, "costPrice": 4800, "profit": 4788, "storeLocation": "Main Store", "salesStatus": "Completed" },
    { "salesId": 114, "productId": 7, "salesDate": "2025-12-25", "salesCount": 8, "balanceCount": 0, "salesAmount": 6392, "costPrice": 3200, "profit": 3192, "storeLocation": "Branch B", "salesStatus": "Completed" },
    { "salesId": 115, "productId": 7, "salesDate": "2025-12-26", "salesCount": 6, "balanceCount": -6, "salesAmount": 4794, "costPrice": 2400, "profit": 2394, "storeLocation": "Main Store", "salesStatus": "Completed" },
    { "salesId": 116, "productId": 7, "salesDate": "2025-12-27", "salesCount": 10, "balanceCount": -16, "salesAmount": 7990, "costPrice": 4000, "profit": 3990, "storeLocation": "Branch A", "salesStatus": "Completed" },
    { "salesId": 117, "productId": 7, "salesDate": "2025-12-28", "salesCount": 14, "balanceCount": -30, "salesAmount": 11186, "costPrice": 5600, "profit": 5586, "storeLocation": "Main Store", "salesStatus": "Completed" },
    { "salesId": 118, "productId": 7, "salesDate": "2025-12-29", "salesCount": 7, "balanceCount": -37, "salesAmount": 5593, "costPrice": 2800, "profit": 2793, "storeLocation": "Branch B", "salesStatus": "Completed" },
    { "salesId": 119, "productId": 7, "salesDate": "2025-12-30", "salesCount": 9, "balanceCount": -46, "salesAmount": 7191, "costPrice": 3600, "profit": 3591, "storeLocation": "Main Store", "salesStatus": "Completed" },
    { "salesId": 120, "productId": 7, "salesDate": "2025-12-31", "salesCount": 13, "balanceCount": -59, "salesAmount": 10387, "costPrice": 5200, "profit": 5187, "storeLocation": "Branch A", "salesStatus": "Completed" },
    { "salesId": 121, "productId": 8, "salesDate": "2025-12-20", "salesCount": 7, "balanceCount": 33, "salesAmount": 9093, "costPrice": 4900, "profit": 4193, "storeLocation": "Main Store", "salesStatus": "Completed" },
    { "salesId": 122, "productId": 8, "salesDate": "2025-12-20", "salesCount": 5, "balanceCount": 28, "salesAmount": 6495, "costPrice": 3500, "profit": 2995, "storeLocation": "Branch A", "salesStatus": "Completed" },
    { "salesId": 123, "productId": 8, "salesDate": "2025-12-21", "salesCount": 6, "balanceCount": 22, "salesAmount": 7794, "costPrice": 4200, "profit": 3594, "storeLocation": "Main Store", "salesStatus": "Completed" },
    { "salesId": 124, "productId": 8, "salesDate": "2025-12-21", "salesCount": 8, "balanceCount": 14, "salesAmount": 10392, "costPrice": 5600, "profit": 4792, "storeLocation": "Branch B", "salesStatus": "Completed" },
    { "salesId": 125, "productId": 8, "salesDate": "2025-12-22", "salesCount": 4, "balanceCount": 10, "salesAmount": 5196, "costPrice": 2800, "profit": 2396, "storeLocation": "Main Store", "salesStatus": "Completed" },
    { "salesId": 126, "productId": 8, "salesDate": "2025-12-23", "salesCount": 6, "balanceCount": 4, "salesAmount": 7794, "costPrice": 4200, "profit": 3594, "storeLocation": "Branch A", "salesStatus": "Completed" },
    { "salesId": 127, "productId": 8, "salesDate": "2025-12-24", "salesCount": 5, "balanceCount": -1, "salesAmount": 6495, "costPrice": 3500, "profit": 2995, "storeLocation": "Main Store", "salesStatus": "Completed" },
    { "salesId": 128, "productId": 8, "salesDate": "2025-12-25", "salesCount": 7, "balanceCount": -8, "salesAmount": 9093, "costPrice": 4900, "profit": 4193, "storeLocation": "Branch B", "salesStatus": "Completed" },
    { "salesId": 129, "productId": 8, "salesDate": "2025-12-26", "salesCount": 3, "balanceCount": -11, "salesAmount": 3897, "costPrice": 2100, "profit": 1797, "storeLocation": "Main Store", "salesStatus": "Completed" },
    { "salesId": 130, "productId": 8, "salesDate": "2025-12-27", "salesCount": 5, "balanceCount": -16, "salesAmount": 6495, "costPrice": 3500, "profit": 2995, "storeLocation": "Branch A", "salesStatus": "Completed" },
    { "salesId": 131, "productId": 9, "salesDate": "2025-12-20", "salesCount": 30, "balanceCount": 320, "salesAmount": 5970, "costPrice": 3000, "profit": 2970, "storeLocation": "Main Store", "salesStatus": "Completed" },
    { "salesId": 132, "productId": 9, "salesDate": "2025-12-20", "salesCount": 25, "balanceCount": 295, "salesAmount": 4975, "costPrice": 2500, "profit": 2475, "storeLocation": "Branch A", "salesStatus": "Completed" },
    { "salesId": 133, "productId": 9, "salesDate": "2025-12-21", "salesCount": 28, "balanceCount": 267, "salesAmount": 5572, "costPrice": 2800, "profit": 2772, "storeLocation": "Main Store", "salesStatus": "Completed" },
    { "salesId": 134, "productId": 9, "salesDate": "2025-12-21", "salesCount": 32, "balanceCount": 235, "salesAmount": 6368, "costPrice": 3200, "profit": 3168, "storeLocation": "Branch B", "salesStatus": "Completed" },
    { "salesId": 135, "productId": 9, "salesDate": "2025-12-22", "salesCount": 35, "balanceCount": 200, "salesAmount": 6965, "costPrice": 3500, "profit": 3465, "storeLocation": "Main Store", "salesStatus": "Completed" },
    { "salesId": 136, "productId": 9, "salesDate": "2025-12-23", "salesCount": 22, "balanceCount": 178, "salesAmount": 4378, "costPrice": 2200, "profit": 2178, "storeLocation": "Branch A", "salesStatus": "Completed" },
    { "salesId": 137, "productId": 9, "salesDate": "2025-12-24", "salesCount": 30, "balanceCount": 148, "salesAmount": 5970, "costPrice": 3000, "profit": 2970, "storeLocation": "Main Store", "salesStatus": "Completed" },
    { "salesId": 138, "productId": 9, "salesDate": "2025-12-25", "salesCount": 28, "balanceCount": 120, "salesAmount": 5572, "costPrice": 2800, "profit": 2772, "storeLocation": "Branch B", "salesStatus": "Completed" },
    { "salesId": 139, "productId": 9, "salesDate": "2025-12-26", "salesCount": 18, "balanceCount": 102, "salesAmount": 3582, "costPrice": 1800, "profit": 1782, "storeLocation": "Main Store", "salesStatus": "Completed" },
    { "salesId": 140, "productId": 9, "salesDate": "2025-12-27", "salesCount": 25, "balanceCount": 77, "salesAmount": 4975, "costPrice": 2500, "profit": 2475, "storeLocation": "Branch A", "salesStatus": "Completed" },
    { "salesId": 141, "productId": 10, "salesDate": "2025-12-20", "salesCount": 8, "balanceCount": 47, "salesAmount": 17592, "costPrice": 10400, "profit": 7192, "storeLocation": "Main Store", "salesStatus": "Completed" },
    { "salesId": 142, "productId": 10, "salesDate": "2025-12-20", "salesCount": 6, "balanceCount": 41, "salesAmount": 13194, "costPrice": 7800, "profit": 5394, "storeLocation": "Branch A", "salesStatus": "Completed" },
    { "salesId": 143, "productId": 10, "salesDate": "2025-12-21", "salesCount": 7, "balanceCount": 34, "salesAmount": 15393, "costPrice": 9100, "profit": 6293, "storeLocation": "Main Store", "salesStatus": "Completed" },
    { "salesId": 144, "productId": 10, "salesDate": "2025-12-21", "salesCount": 5, "balanceCount": 29, "salesAmount": 10995, "costPrice": 6500, "profit": 4495, "storeLocation": "Branch B", "salesStatus": "Completed" },
    { "salesId": 145, "productId": 10, "salesDate": "2025-12-22", "salesCount": 10, "balanceCount": 19, "salesAmount": 21990, "costPrice": 13000, "profit": 8990, "storeLocation": "Main Store", "salesStatus": "Completed" },
    { "salesId": 146, "productId": 10, "salesDate": "2025-12-23", "salesCount": 4, "balanceCount": 15, "salesAmount": 8796, "costPrice": 5200, "profit": 3596, "storeLocation": "Branch A", "salesStatus": "Completed" },
    { "salesId": 147, "productId": 10, "salesDate": "2025-12-24", "salesCount": 8, "balanceCount": 7, "salesAmount": 17592, "costPrice": 10400, "profit": 7192, "storeLocation": "Main Store", "salesStatus": "Completed" },
    { "salesId": 148, "productId": 10, "salesDate": "2025-12-25", "salesCount": 7, "balanceCount": 0, "salesAmount": 15393, "costPrice": 9100, "profit": 6293, "storeLocation": "Branch B", "salesStatus": "Completed" },
    { "salesId": 149, "productId": 10, "salesDate": "2025-12-26", "salesCount": 3, "balanceCount": -3, "salesAmount": 6597, "costPrice": 3900, "profit": 2697, "storeLocation": "Main Store", "salesStatus": "Completed" },
    { "salesId": 150, "productId": 10, "salesDate": "2025-12-27", "salesCount": 6, "balanceCount": -9, "salesAmount": 13194, "costPrice": 7800, "profit": 5394, "storeLocation": "Branch A", "salesStatus": "Completed" },
    { "salesId": 151, "productId": 1, "salesDate": "2026-01-07", "salesCount": 4, "balanceCount": -36, "salesAmount": 9996, "costPrice": 6000, "profit": 3996, "storeLocation": "Main Store", "salesStatus": "Completed" },
    { "salesId": 152, "productId": 1, "salesDate": "2026-01-08", "salesCount": 6, "balanceCount": -42, "salesAmount": 14994, "costPrice": 9000, "profit": 5994, "storeLocation": "Branch A", "salesStatus": "Completed" },
    { "salesId": 153, "productId": 1, "salesDate": "2026-01-09", "salesCount": 3, "balanceCount": -45, "salesAmount": 7497, "costPrice": 4500, "profit": 2997, "storeLocation": "Main Store", "salesStatus": "Completed" },
    { "salesId": 154, "productId": 1, "salesDate": "2026-01-10", "salesCount": 5, "balanceCount": -50, "salesAmount": 12495, "costPrice": 7500, "profit": 4995, "storeLocation": "Branch B", "salesStatus": "Completed" },
    { "salesId": 155, "productId": 2, "salesDate": "2026-01-07", "salesCount": 5, "balanceCount": -67, "salesAmount": 9495, "costPrice": 5500, "profit": 3995, "storeLocation": "Main Store", "salesStatus": "Completed" },
    { "salesId": 156, "productId": 2, "salesDate": "2026-01-08", "salesCount": 8, "balanceCount": -75, "salesAmount": 15192, "costPrice": 8800, "profit": 6392, "storeLocation": "Branch A", "salesStatus": "Completed" },
    { "salesId": 157, "productId": 2, "salesDate": "2026-01-09", "salesCount": 6, "balanceCount": -81, "salesAmount": 11394, "costPrice": 6600, "profit": 4794, "storeLocation": "Main Store", "salesStatus": "Completed" },
    { "salesId": 158, "productId": 2, "salesDate": "2026-01-10", "salesCount": 9, "balanceCount": -90, "salesAmount": 17091, "costPrice": 9900, "profit": 7191, "storeLocation": "Branch B", "salesStatus": "Completed" },
    { "salesId": 159, "productId": 3, "salesDate": "2026-01-06", "salesCount": 15, "balanceCount": -220, "salesAmount": 4485, "costPrice": 2250, "profit": 2235, "storeLocation": "Main Store", "salesStatus": "Completed" },
    { "salesId": 160, "productId": 3, "salesDate": "2026-01-07", "salesCount": 25, "balanceCount": -245, "salesAmount": 7475, "costPrice": 3750, "profit": 3725, "storeLocation": "Branch A", "salesStatus": "Completed" },
    { "salesId": 161, "productId": 3, "salesDate": "2026-01-08", "salesCount": 20, "balanceCount": -265, "salesAmount": 5980, "costPrice": 3000, "profit": 2980, "storeLocation": "Main Store", "salesStatus": "Completed" },
    { "salesId": 162, "productId": 3, "salesDate": "2026-01-09", "salesCount": 30, "balanceCount": -295, "salesAmount": 8970, "costPrice": 4500, "profit": 4470, "storeLocation": "Branch B", "salesStatus": "Completed" },
    { "salesId": 163, "productId": 4, "salesDate": "2026-01-03", "salesCount": 2, "balanceCount": -2, "salesAmount": 9998, "costPrice": 5600, "profit": 4398, "storeLocation": "Main Store", "salesStatus": "Completed" },
    { "salesId": 164, "productId": 4, "salesDate": "2026-01-04", "salesCount": 1, "balanceCount": -3, "salesAmount": 4999, "costPrice": 2800, "profit": 2199, "storeLocation": "Branch A", "salesStatus": "Completed" },
    { "salesId": 165, "productId": 4, "salesDate": "2026-01-05", "salesCount": 3, "balanceCount": -6, "salesAmount": 14997, "costPrice": 8400, "profit": 6597, "storeLocation": "Main Store", "salesStatus": "Completed" },
    { "salesId": 166, "productId": 4, "salesDate": "2026-01-06", "salesCount": 2, "balanceCount": -8, "salesAmount": 9998, "costPrice": 5600, "profit": 4398, "storeLocation": "Branch B", "salesStatus": "Completed" },
    { "salesId": 167, "productId": 5, "salesDate": "2026-01-02", "salesCount": 2, "balanceCount": -18, "salesAmount": 7198, "costPrice": 4000, "profit": 3198, "storeLocation": "Main Store", "salesStatus": "Completed" },
    { "salesId": 168, "productId": 5, "salesDate": "2026-01-03", "salesCount": 4, "balanceCount": -22, "salesAmount": 14396, "costPrice": 8000, "profit": 6396, "storeLocation": "Branch A", "salesStatus": "Completed" },
    { "salesId": 169, "productId": 5, "salesDate": "2026-01-04", "salesCount": 3, "balanceCount": -25, "salesAmount": 10797, "costPrice": 6000, "profit": 4797, "storeLocation": "Main Store", "salesStatus": "Completed" },
    { "salesId": 170, "productId": 5, "salesDate": "2026-01-05", "salesCount": 1, "balanceCount": -26, "salesAmount": 3599, "costPrice": 2000, "profit": 1599, "storeLocation": "Branch B", "salesStatus": "Completed" },
    { "salesId": 171, "productId": 6, "salesDate": "2026-01-03", "salesCount": 45, "balanceCount": -285, "salesAmount": 6705, "costPrice": 3375, "profit": 3330, "storeLocation": "Main Store", "salesStatus": "Completed" },
    { "salesId": 172, "productId": 6, "salesDate": "2026-01-04", "salesCount": 55, "balanceCount": -340, "salesAmount": 8195, "costPrice": 4125, "profit": 4070, "storeLocation": "Branch A", "salesStatus": "Completed" },
    { "salesId": 173, "productId": 6, "salesDate": "2026-01-05", "salesCount": 40, "balanceCount": -380, "salesAmount": 5960, "costPrice": 3000, "profit": 2960, "storeLocation": "Main Store", "salesStatus": "Completed" },
    { "salesId": 174, "productId": 6, "salesDate": "2026-01-06", "salesCount": 50, "balanceCount": -430, "salesAmount": 7450, "costPrice": 3750, "profit": 3700, "storeLocation": "Branch B", "salesStatus": "Completed" },
    { "salesId": 175, "productId": 7, "salesDate": "2026-01-01", "salesCount": 10, "balanceCount": -69, "salesAmount": 7990, "costPrice": 4000, "profit": 3990, "storeLocation": "Main Store", "salesStatus": "Completed" },
    { "salesId": 176, "productId": 7, "salesDate": "2026-01-02", "salesCount": 11, "balanceCount": -80, "salesAmount": 8789, "costPrice": 4400, "profit": 4389, "storeLocation": "Branch A", "salesStatus": "Completed" },
    { "salesId": 177, "productId": 7, "salesDate": "2026-01-03", "salesCount": 8, "balanceCount": -88, "salesAmount": 6392, "costPrice": 3200, "profit": 3192, "storeLocation": "Main Store", "salesStatus": "Completed" },
    { "salesId": 178, "productId": 7, "salesDate": "2026-01-04", "salesCount": 14, "balanceCount": -102, "salesAmount": 11186, "costPrice": 5600, "profit": 5586, "storeLocation": "Branch B", "salesStatus": "Completed" },
    { "salesId": 179, "productId": 8, "salesDate": "2025-12-28", "salesCount": 8, "balanceCount": -24, "salesAmount": 10392, "costPrice": 5600, "profit": 4792, "storeLocation": "Main Store", "salesStatus": "Completed" },
    { "salesId": 180, "productId": 8, "salesDate": "2025-12-29", "salesCount": 4, "balanceCount": -28, "salesAmount": 5196, "costPrice": 2800, "profit": 2396, "storeLocation": "Branch A", "salesStatus": "Completed" },
    { "salesId": 181, "productId": 8, "salesDate": "2025-12-30", "salesCount": 6, "balanceCount": -34, "salesAmount": 7794, "costPrice": 4200, "profit": 3594, "storeLocation": "Main Store", "salesStatus": "Completed" },
    { "salesId": 182, "productId": 8, "salesDate": "2025-12-31", "salesCount": 7, "balanceCount": -41, "salesAmount": 9093, "costPrice": 4900, "profit": 4193, "storeLocation": "Branch B", "salesStatus": "Completed" },
    { "salesId": 183, "productId": 9, "salesDate": "2025-12-28", "salesCount": 32, "balanceCount": 45, "salesAmount": 6368, "costPrice": 3200, "profit": 3168, "storeLocation": "Main Store", "salesStatus": "Completed" },
    { "salesId": 184, "productId": 9, "salesDate": "2025-12-29", "salesCount": 20, "balanceCount": 25, "salesAmount": 3980, "costPrice": 2000, "profit": 1980, "storeLocation": "Branch A", "salesStatus": "Completed" },
    { "salesId": 185, "productId": 9, "salesDate": "2025-12-30", "salesCount": 28, "balanceCount": -3, "salesAmount": 5572, "costPrice": 2800, "profit": 2772, "storeLocation": "Main Store", "salesStatus": "Completed" },
    { "salesId": 186, "productId": 9, "salesDate": "2025-12-31", "salesCount": 35, "balanceCount": -38, "salesAmount": 6965, "costPrice": 3500, "profit": 3465, "storeLocation": "Branch B", "salesStatus": "Completed" },
    { "salesId": 187, "productId": 10, "salesDate": "2025-12-28", "salesCount": 9, "balanceCount": -18, "salesAmount": 19791, "costPrice": 11700, "profit": 8091, "storeLocation": "Main Store", "salesStatus": "Completed" },
    { "salesId": 188, "productId": 10, "salesDate": "2025-12-29", "salesCount": 5, "balanceCount": -23, "salesAmount": 10995, "costPrice": 6500, "profit": 4495, "storeLocation": "Branch A", "salesStatus": "Completed" },
    { "salesId": 189, "productId": 10, "salesDate": "2025-12-30", "salesCount": 7, "balanceCount": -30, "salesAmount": 15393, "costPrice": 9100, "profit": 6293, "storeLocation": "Main Store", "salesStatus": "Completed" },
    { "salesId": 190, "productId": 10, "salesDate": "2025-12-31", "salesCount": 10, "balanceCount": -40, "salesAmount": 21990, "costPrice": 13000, "profit": 8990, "storeLocation": "Branch B", "salesStatus": "Completed" },
    { "salesId": 191, "productId": 1, "salesDate": "2026-01-11", "salesCount": 2, "balanceCount": -52, "salesAmount": 4998, "costPrice": 3000, "profit": 1998, "storeLocation": "Main Store", "salesStatus": "Completed" },
    { "salesId": 192, "productId": 2, "salesDate": "2026-01-11", "salesCount": 7, "balanceCount": -97, "salesAmount": 13293, "costPrice": 7700, "profit": 5593, "storeLocation": "Main Store", "salesStatus": "Completed" },
    { "salesId": 193, "productId": 3, "salesDate": "2026-01-10", "salesCount": 18, "balanceCount": -313, "salesAmount": 5382, "costPrice": 2700, "profit": 2682, "storeLocation": "Main Store", "salesStatus": "Completed" },
    { "salesId": 194, "productId": 4, "salesDate": "2026-01-07", "salesCount": 2, "balanceCount": -10, "salesAmount": 9998, "costPrice": 5600, "profit": 4398, "storeLocation": "Main Store", "salesStatus": "Completed" },
    { "salesId": 195, "productId": 5, "salesDate": "2026-01-06", "salesCount": 2, "balanceCount": -28, "salesAmount": 7198, "costPrice": 4000, "profit": 3198, "storeLocation": "Main Store", "salesStatus": "Completed" },
    { "salesId": 196, "productId": 7, "salesDate": "2026-01-05", "salesCount": 9, "balanceCount": -111, "salesAmount": 7191, "costPrice": 3600, "profit": 3591, "storeLocation": "Main Store", "salesStatus": "Completed" },
    { "salesId": 197, "productId": 8, "salesDate": "2026-01-01", "salesCount": 5, "balanceCount": -46, "salesAmount": 6495, "costPrice": 3500, "profit": 2995, "storeLocation": "Main Store", "salesStatus": "Completed" },
    { "salesId": 198, "productId": 9, "salesDate": "2026-01-01", "salesCount": 22, "balanceCount": -60, "salesAmount": 4378, "costPrice": 2200, "profit": 2178, "storeLocation": "Main Store", "salesStatus": "Completed" },
    { "salesId": 199, "productId": 10, "salesDate": "2026-01-01", "salesCount": 4, "balanceCount": -44, "salesAmount": 8796, "costPrice": 5200, "profit": 3596, "storeLocation": "Main Store", "salesStatus": "Completed" },
    { "salesId": 200, "productId": 6, "salesDate": "2026-01-07", "salesCount": 65, "balanceCount": -495, "salesAmount": 9685, "costPrice": 4875, "profit": 4810, "storeLocation": "Main Store", "salesStatus": "Completed" }
  ]
}
