{
  "products": [
    { "productId": 1, "name": "Bluetooth Headphones", "description": "High-quality wireless headphones with noise cancellation", "category": "Electronics", "sku": "BH-001", "price": 2499, "costPrice": 1500, "discountPercentage": 5, "stockQuantity": 45, "reorderLevel": 10, "supplier": "TechPro Ltd", "manufacturingDate": "2024-01-15", "expiryDate": "2026-01-15", "rating": 4.5, "reviewCount": 128, "dimensions": "20x15x8 cm", "weight": 0.25, "warrantyMonths": 24, "isActive": true, "createdDate": "2024-01-20", "lastUpdatedDate": "2025-01-15" },
    { "productId": 2, "name": "Electric Kettle", "description": "1.8L capacity electric kettle with auto shut-off", "category": "Home & Kitchen", "sku": "EK-002", "price": 1899, "costPrice": 1100, "discountPercentage": 8, "stockQuantity": 60, "reorderLevel": 15, "supplier": "HomeElectro Inc", "manufacturingDate": "2023-11-20", "expiryDate": "2025-11-20", "rating": 4.3, "reviewCount": 95, "dimensions": "25x20x25 cm", "weight": 1.2, "warrantyMonths": 12, "isActive": true, "createdDate": "2024-01-20", "lastUpdatedDate": "2025-01-15" },
    { "productId": 3, "name": "Notebook Set", "description": "Pack of 3 premium quality notebooks with lined pages", "category": "Stationery", "sku": "NS-003", "price": 299, "costPrice": 150, "discountPercentage": 10, "stockQuantity": 200, "reorderLevel": 50, "supplier": "Paper Plus", "manufacturingDate": "2024-06-01", "expiryDate": "2027-06-01", "rating": 4.2, "reviewCount": 65, "dimensions": "29.7x21 cm", "weight": 0.3, "warrantyMonths": 0, "isActive": true, "createdDate": "2024-01-20", "lastUpdatedDate": "2025-01-15" },
    { "productId": 4, "name": "Smart Watch", "description": "Fitness tracking smartwatch with heart rate monitor", "category": "Electronics", "sku": "SW-004", "price": 4999, "costPrice": 2800, "discountPercentage": 3, "stockQuantity": 30, "reorderLevel": 8, "supplier": "TechPro Ltd", "manufacturingDate": "2024-02-10", "expiryDate": "2026-02-10", "rating": 4.7, "reviewCount": 210, "dimensions": "45x45x12 mm", "weight": 0.045, "warrantyMonths": 24, "isActive": true, "createdDate": "2024-01-20", "lastUpdatedDate": "2025-01-15" },
    { "productId": 5, "name": "Mixer Grinder", "description": "3-in-1 mixer grinder with 600W motor", "category": "Home & Kitchen", "sku": "MG-005", "price": 3599, "costPrice": 2000, "discountPercentage": 6, "stockQuantity": 25, "reorderLevel": 5, "supplier": "HomeElectro Inc", "manufacturingDate": "2024-03-15", "expiryDate": "2026-03-15", "rating": 4.4, "reviewCount": 142, "dimensions": "30x25x40 cm", "weight": 2.5, "warrantyMonths": 24, "isActive": true, "createdDate": "2024-01-20", "lastUpdatedDate": "2025-01-15" },
    { "productId": 6, "name": "Ball Pen Pack", "description": "Set of 10 smooth writing ball pens", "category": "Stationery", "sku": "BP-006", "price": 149, "costPrice": 75, "discountPercentage": 12, "stockQuantity": 500, "reorderLevel": 100, "supplier": "Paper Plus", "manufacturingDate": "2024-07-01", "expiryDate": "2026-07-01", "rating": 4.0, "reviewCount": 45, "dimensions": "15x10 cm", "weight": 0.08, "warrantyMonths": 0, "isActive": true, "createdDate": "2024-01-20", "lastUpdatedDate": "2025-01-15" },
    { "productId": 7, "name": "Wireless Mouse", "description": "Ergonomic wireless mouse with 2.4GHz connection", "category": "Electronics", "sku": "WM-007", "price": 799, "costPrice": 400, "discountPercentage": 7, "stockQuantity": 85, "reorderLevel": 20, "supplier": "TechPro Ltd", "manufacturingDate": "2024-04-20", "expiryDate": "2026-04-20", "rating": 4.6, "reviewCount": 187, "dimensions": "12x7x3 cm", "weight": 0.11, "warrantyMonths": 12, "isActive": true, "createdDate": "2024-01-20", "lastUpdatedDate": "2025-01-15" },
    { "productId": 8, "name": "Non-Stick Frying Pan", "description": "28cm diameter non-stick frying pan with cool handles", "category": "Home & Kitchen", "sku": "FP-008", "price": 1299, "costPrice": 700, "discountPercentage": 9, "stockQuantity": 40, "reorderLevel": 10, "supplier": "HomeElectro Inc", "manufacturingDate": "2024-05-10", "expiryDate": "2027-05-10", "rating": 4.1, "reviewCount": 78, "dimensions": "28x28x5 cm", "weight": 0.65, "warrantyMonths": 6, "isActive": true, "createdDate": "2024-01-20", "lastUpdatedDate": "2025-01-15" },
    { "productId": 9, "name": "Office File Folder", "description": "Pack of 5 durable plastic file folders", "category": "Stationery", "sku": "OF-009", "price": 199, "costPrice": 100, "discountPercentage": 11, "stockQuantity": 350, "reorderLevel": 75, "supplier": "Paper Plus", "manufacturingDate": "2024-08-01", "expiryDate": "2027-08-01", "rating": 3.9, "reviewCount": 32, "dimensions": "32x24 cm", "weight": 0.15, "warrantyMonths": 0, "isActive": true, "createdDate": "2024-01-20", "lastUpdatedDate": "2025-01-15" },
    { "productId": 10, "name": "Portable Speaker", "description": "Waterproof Bluetooth speaker with 10-hour battery", "category": "Electronics", "sku": "PS-010", "price": 2199, "costPrice": 1300, "discountPercentage": 4, "stockQuantity": 55, "reorderLevel": 12, "supplier": "TechPro Ltd", "manufacturingDate": "2024-05-25", "expiryDate": "2026-05-25", "rating": 4.8, "reviewCount": 295, "dimensions": "20x8x8 cm", "weight": 0.45, "warrantyMonths": 12, "isActive": true, "createdDate": "2024-01-20", "lastUpdatedDate": "2025-01-15" }
  ]
}
